{
  "description": "Adds transparency effects (including notification tray) and slims the top bar for more space. See github page for more screenshots.",
  "name": "Compact Top Bar",
  "shell-version": ["46","47","48","49"],
  "url": "https://github.com/metehan-arslan/gnome-compact-top-bar",
  "uuid": "gnome-compact-top-bar@metehan-arslan.github.io",
  "version": 12,
  "settings-schema": "org.gnome.shell.extensions.compact-top-bar",
  "settings-schema-path": "schemas/",
  "preferences": "prefs.js"
}
